{"BrickLayout": "MiddleRow", "numOfBricks": 9, "numOfEpisodes": 1000, "maxTimesteps": 10000, "OverallTrainingTime": 134.57623410224915, "avgExcutionTimePerEps": 0.13451803255081177}