{"BrickLayout": "MiddleRow", "numOfBricks": 5, "numOfEpisodes": 1000, "maxTimesteps": 1000, "OverallTrainingTime": 136.67889189720154, "avgExcutionTimePerEps": 0.13659489727020263}