{"BrickLayout": "MiddleRow", "numOfBricks": 9, "numOfEpisodes": 1000, "maxTimesteps": 1000, "OverallTrainingTime": 154.77819275856018, "avgExcutionTimePerEps": 0.15469538760185242}