{"BrickLayout": "MiddleRow", "numOfBricks": 5, "numOfEpisodes": 1000, "maxTimesteps": 1000, "OverallTrainingTime": 150.08415508270264, "avgExcutionTimePerEps": 0.14999490666389464}