{"BrickLayout": "MiddleRow", "numOfBricks": 9, "numOfEpisodes": 1000, "maxTimesteps": 10000, "OverallTrainingTime": 161.42134308815002, "avgExcutionTimePerEps": 0.16135242891311646}