{"BrickLayout": "MiddleRow", "numOfBricks": 9, "numOfEpisodes": 1000, "maxTimesteps": 100, "OverallTrainingTime": 15.350133895874023, "avgExcutionTimePerEps": 0.015328459501266479}