{"BrickLayout": "MiddleRow", "numOfBricks": 9, "numOfEpisodes": 1000, "maxTimesteps": 100, "OverallTrainingTime": 14.433437824249268, "avgExcutionTimePerEps": 0.0144232177734375}