{"BrickLayout": "MiddleRow", "numOfBricks": 5, "numOfEpisodes": 1000, "maxTimesteps": 10000, "OverallTrainingTime": 318.6603488922119, "avgExcutionTimePerEps": 0.3184091477394104}