{"BrickLayout": "MiddleRow", "numOfBricks": 5, "numOfEpisodes": 1000, "maxTimesteps": 100, "OverallTrainingTime": 14.340183019638062, "avgExcutionTimePerEps": 0.014322391271591187}