{"BrickLayout": "MiddleRow", "numOfBricks": 9, "numOfEpisodes": 1000, "maxTimesteps": 1000, "OverallTrainingTime": 176.6667730808258, "avgExcutionTimePerEps": 0.17658562111854553}