{"BrickLayout": "MiddleRow", "numOfBricks": 5, "numOfEpisodes": 1000, "maxTimesteps": 100, "OverallTrainingTime": 16.09006404876709, "avgExcutionTimePerEps": 0.016080413818359375}