{"BrickLayout": "ReversePyramid", "numOfBricks": 9, "numOfEpisodes": 1000, "maxTimesteps": 1000, "OverallTrainingTime": 59.47358798980713, "avgExcutionTimePerEps": 0.059445015430450436}