{"BrickLayout": "ReversePyramid", "numOfBricks": 5, "numOfEpisodes": 1000, "maxTimesteps": 100, "OverallTrainingTime": 13.057392120361328, "avgExcutionTimePerEps": 0.013047205686569214}