{"BrickLayout": "ReversePyramid", "numOfBricks": 5, "numOfEpisodes": 1000, "maxTimesteps": 10000, "OverallTrainingTime": 35.038086891174316, "avgExcutionTimePerEps": 0.035015045166015626}