{"BrickLayout": "ReversePyramid", "numOfBricks": 5, "numOfEpisodes": 1000, "maxTimesteps": 1000, "OverallTrainingTime": 138.42537093162537, "avgExcutionTimePerEps": 0.13833513569831848}