{"BrickLayout": "TopRow", "numOfBricks": 5, "numOfEpisodes": 1000, "maxTimesteps": 1000, "OverallTrainingTime": 19.541515827178955, "avgExcutionTimePerEps": 0.01952783417701721}