{"BrickLayout": "TopRow", "numOfBricks": 5, "numOfEpisodes": 1000, "maxTimesteps": 100, "OverallTrainingTime": 14.737912893295288, "avgExcutionTimePerEps": 0.014727862119674683}