{"BrickLayout": "TopRow", "numOfBricks": 9, "numOfEpisodes": 1000, "maxTimesteps": 1000, "OverallTrainingTime": 166.49699187278748, "avgExcutionTimePerEps": 0.1664103021621704}