{"BrickLayout": "TopRow", "numOfBricks": 9, "numOfEpisodes": 1000, "maxTimesteps": 10000, "OverallTrainingTime": 55.5127649307251, "avgExcutionTimePerEps": 0.055484508752822875}