{"BrickLayout": "TopRow", "numOfBricks": 5, "numOfEpisodes": 1000, "maxTimesteps": 100, "OverallTrainingTime": 14.887724161148071, "avgExcutionTimePerEps": 0.014877517700195313}