{"BrickLayout": "TopRow", "numOfBricks": 9, "numOfEpisodes": 1000, "maxTimesteps": 100, "OverallTrainingTime": 14.82116413116455, "avgExcutionTimePerEps": 0.014810046195983887}