{"BrickLayout": "TopRow", "numOfBricks": 9, "numOfEpisodes": 1000, "maxTimesteps": 10000, "OverallTrainingTime": 119.89551401138306, "avgExcutionTimePerEps": 0.11985636520385742}