{"BrickLayout": "TopRow", "numOfBricks": 5, "numOfEpisodes": 1000, "maxTimesteps": 10000, "OverallTrainingTime": 35.33736491203308, "avgExcutionTimePerEps": 0.035316863298416136}