{"BrickLayout": "TopRow", "numOfBricks": 5, "numOfEpisodes": 1000, "maxTimesteps": 10000, "OverallTrainingTime": 57.608071088790894, "avgExcutionTimePerEps": 0.05757189345359802}