{"BrickLayout": "TopRow", "numOfBricks": 9, "numOfEpisodes": 1000, "maxTimesteps": 1000, "OverallTrainingTime": 141.38046526908875, "avgExcutionTimePerEps": 0.14129255509376526}