{"BrickLayout": "TopRow", "numOfBricks": 9, "numOfEpisodes": 1000, "maxTimesteps": 100, "OverallTrainingTime": 14.035716772079468, "avgExcutionTimePerEps": 0.014026197195053101}