{"BrickLayout": "TopRow", "numOfBricks": 5, "numOfEpisodes": 1000, "maxTimesteps": 1000, "OverallTrainingTime": 51.84158706665039, "avgExcutionTimePerEps": 0.05181484246253967}